<?xml version="1.0" encoding="UTF-8"?>
<project xmlns="http://www.netbeans.org/ns/project/1">
    <type>com.microchip.mplab.nbide.embedded.makeproject</type>
    <configuration>
        <data xmlns="http://www.netbeans.org/ns/make-project/1">
            <name>PIC16F18875_Performance_Sine</name>
            <creation-uuid>2f72849d-2167-45cf-97cb-becaa115297d</creation-uuid>
            <make-project-type>0</make-project-type>
            <sourceEncoding>ISO-8859-1</sourceEncoding>
            <make-dep-projects/>
            <sourceRootList/>
            <confList>
                <confElem>
                    <name>default</name>
                    <type>2</type>
                </confElem>
            </confList>
            <formatting>
                <project-formatting-style>false</project-formatting-style>
            </formatting>
        </data>
    </configuration>
</project>
