<configurationDescriptor version="62">
  <logicalFolder name="root" displayName="root" projectFiles="true">
    <logicalFolder name="HeaderFiles" displayName="Header Files" projectFiles="true">
      <logicalFolder name="MCC Generated Files" displayName="MCC Generated Files" projectFiles="true">
        <itemPath>mcc_generated_files/mcc.h</itemPath>
        <itemPath>mcc_generated_files/interrupt_manager.h</itemPath>
        <itemPath>mcc_generated_files/tmr1.h</itemPath>
        <itemPath>mcc_generated_files/memory.h</itemPath>
        <itemPath>mcc_generated_files/tmr2.h</itemPath>
        <itemPath>mcc_generated_files/tmr0.h</itemPath>
        <itemPath>mcc_generated_files/adcc.h</itemPath>
        <itemPath>mcc_generated_files/pin_manager.h</itemPath>
        <itemPath>mcc_generated_files/pwm6.h</itemPath>
      </logicalFolder>
      <itemPath>labs.h</itemPath>
    </logicalFolder>
    <logicalFolder name="SourceFiles" displayName="Source Files" projectFiles="true">
      <logicalFolder name="Labs" displayName="Labs" projectFiles="true">
        <logicalFolder name="Lab01_HelloWorld" displayName="Lab01_HelloWorld" projectFiles="true">
          <itemPath>Labs/Lab01_HelloWorld/HelloWorld.c</itemPath>
        </logicalFolder>
        <logicalFolder name="Lab02_Blink" displayName="Lab02_Blink" projectFiles="true">
          <itemPath>Labs/Lab02_Blink/Blink.c</itemPath>
        </logicalFolder>
        <logicalFolder name="Lab03_Rotate" displayName="Lab03_Rotate" projectFiles="true">
          <itemPath>Labs/Lab03_Rotate/Rotate.c</itemPath>
        </logicalFolder>
        <logicalFolder name="Lab04_AnalogToDigitalConversion" displayName="Lab04_AnalogToDigitalConversion" projectFiles="true">
          <itemPath>Labs/Lab04_AnalogToDigitalConversion/ADC.c</itemPath>
        </logicalFolder>
        <logicalFolder name="Lab05_VariableSpeedRotate" displayName="Lab05_VariableSpeedRotate" projectFiles="true">
          <itemPath>Labs/Lab05_VariableSpeedRotate/VSR.c</itemPath>
        </logicalFolder>
        <logicalFolder name="Lab06_PulseWidthModulation" displayName="Lab06_PulseWidthModulation" projectFiles="true">
          <itemPath>Labs/Lab06_PulseWidthModulation/PWM.c</itemPath>
        </logicalFolder>
        <logicalFolder name="Lab07_Interrupts" displayName="Lab07_Interrupts" projectFiles="true">
          <itemPath>Labs/Lab07_Interrupts/Interrupt.c</itemPath>
        </logicalFolder>
        <logicalFolder name="Lab08_SleepWakeup" displayName="Lab08_SleepWakeup" projectFiles="true">
          <itemPath>Labs/Lab08_SleepWakeup/SleepWakeUp.c</itemPath>
        </logicalFolder>
        <logicalFolder name="Lab09_Timers" displayName="Lab09_Timers" projectFiles="true">
          <itemPath>Labs/Lab09_Timers/Timer1.c</itemPath>
        </logicalFolder>
        <logicalFolder name="Lab10_EEPROM" displayName="Lab10_EEPROM" projectFiles="true">
          <itemPath>Labs/Lab10_EEPROM/EEPROM.c</itemPath>
        </logicalFolder>
      </logicalFolder>
      <logicalFolder name="MCC Generated Files" displayName="MCC Generated Files" projectFiles="true">
        <itemPath>mcc_generated_files/mcc.c</itemPath>
        <itemPath>mcc_generated_files/device_config.c</itemPath>
        <itemPath>mcc_generated_files/interrupt_manager.c</itemPath>
        <itemPath>mcc_generated_files/tmr1.c</itemPath>
        <itemPath>mcc_generated_files/memory.c</itemPath>
        <itemPath>mcc_generated_files/tmr2.c</itemPath>
        <itemPath>mcc_generated_files/tmr0.c</itemPath>
        <itemPath>mcc_generated_files/adcc.c</itemPath>
        <itemPath>mcc_generated_files/pin_manager.c</itemPath>
        <itemPath>mcc_generated_files/pwm6.c</itemPath>
      </logicalFolder>
      <itemPath>main.c</itemPath>
    </logicalFolder>
    <logicalFolder name="ExternalFiles" displayName="Important Files" projectFiles="false">
      <itemPath>Makefile</itemPath>
      <itemPath>device_config.mc3</itemPath>
    </logicalFolder>
  </logicalFolder>
  <sourceRootList></sourceRootList>
  <projectmakefile>Makefile</projectmakefile>
  <confs>
    <conf name="free" type="2">
      <toolsSet>
        <developmentServer>localhost</developmentServer>
        <targetDevice>PIC18F47K42</targetDevice>
        <targetHeader></targetHeader>
        <targetPluginBoard></targetPluginBoard>
        <platformTool>PKOBSKDEPlatformTool</platformTool>
        <languageToolchain>XC8</languageToolchain>
        <languageToolchainVersion>1.45</languageToolchainVersion>
        <platform>3</platform>
      </toolsSet>
      <HI-TECH-COMP>
        <property key="operation-mode" value="free" />
        <property key="verbose" value="false" />
        <property key="warning-level" value="-3" />
        <property key="optimization-speed" value="false" />
        <property key="optimization-debug" value="false" />
      </HI-TECH-COMP>
      <XC8-config-global>
        <property key="advanced-elf" value="true" />
        <property key="output-file-format" value="-mcof,+elf" />
        <property key="stack-size-high" value="auto" />
        <property key="stack-size-low" value="auto" />
        <property key="stack-size-main" value="auto" />
        <property key="stack-type" value="compiled" />
      </XC8-config-global>
      <C32>
        <property key="generate-16-bit-code" value="false" />
        <property key="generate-micro-compressed-code" value="false" />
        <property key="additional-warnings" value="false" />
        <property key="optimization-level" value="-O1" />
        <property key="extra-include-directories" value="" />
      </C32>
      <C32-AS>
        <property key="generate-16-bit-code" value="false" />
        <property key="generate-micro-compressed-code" value="false" />
      </C32-AS>
      <C32-LD>
        <property key="generate-16-bit-code" value="false" />
        <property key="generate-micro-compressed-code" value="false" />
        <property key="optimization-level" value="-O1" />
        <property key="heap-size" value="" />
      </C32-LD>
      <C32CPP>
        <property key="generate-16-bit-code" value="false" />
        <property key="generate-micro-compressed-code" value="false" />
        <property key="additional-warnings" value="false" />
        <property key="optimization-level" value="-O1" />
      </C32CPP>
      <PKOBSKDEPlatformTool>
        <property key="programoptions.uselvpprogramming" value="true" />
        <property key="programoptions.eraseb4program" value="true" />
      </PKOBSKDEPlatformTool>
      <PICkit3PlatformTool>
        <property key="poweroptions.powerenable" value="false" />
        <property key="voltagevalue" value="5.0" />
        <property key="programoptions.uselvpprogramming" value="false" />
      </PICkit3PlatformTool>
      <makeCustomizationType>
        <makeCustomizationPutChecksumInUserID>false</makeCustomizationPutChecksumInUserID>
      </makeCustomizationType>
      <C30>
        <property key="enable-all-warnings" value="false" />
        <property key="optimization-level" value="0" />
      </C30>
      <HI-TECH-LINK>
        <property key="data-model-size-of-double-float" value="24 bit" />
      </HI-TECH-LINK>
    </conf>
    <conf name="pro" type="2">
      <toolsSet>
        <developmentServer>localhost</developmentServer>
        <targetDevice>PIC18F47K42</targetDevice>
        <targetHeader></targetHeader>
        <targetPluginBoard></targetPluginBoard>
        <platformTool>PKOBSKDEPlatformTool</platformTool>
        <languageToolchain>XC8</languageToolchain>
        <languageToolchainVersion>1.45</languageToolchainVersion>
        <platform>3</platform>
      </toolsSet>
      <HI-TECH-COMP>
        <property key="operation-mode" value="pro" />
        <property key="verbose" value="false" />
        <property key="warning-level" value="-3" />
        <property key="optimization-speed" value="false" />
        <property key="optimization-debug" value="false" />
      </HI-TECH-COMP>
      <XC8-config-global>
        <property key="advanced-elf" value="true" />
        <property key="output-file-format" value="-mcof,+elf" />
        <property key="stack-size-high" value="auto" />
        <property key="stack-size-low" value="auto" />
        <property key="stack-size-main" value="auto" />
        <property key="stack-type" value="compiled" />
      </XC8-config-global>
      <C32>
        <property key="generate-16-bit-code" value="false" />
        <property key="generate-micro-compressed-code" value="false" />
        <property key="additional-warnings" value="false" />
        <property key="optimization-level" value="-O1" />
        <property key="extra-include-directories" value="" />
      </C32>
      <C32-AS>
        <property key="generate-16-bit-code" value="false" />
        <property key="generate-micro-compressed-code" value="false" />
      </C32-AS>
      <C32-LD>
        <property key="generate-16-bit-code" value="false" />
        <property key="generate-micro-compressed-code" value="false" />
        <property key="optimization-level" value="-O1" />
        <property key="heap-size" value="" />
      </C32-LD>
      <C32CPP>
        <property key="generate-16-bit-code" value="false" />
        <property key="generate-micro-compressed-code" value="false" />
        <property key="additional-warnings" value="false" />
        <property key="optimization-level" value="-O1" />
      </C32CPP>
      <PKOBSKDEPlatformTool>
        <property key="programoptions.uselvpprogramming" value="true" />
        <property key="programoptions.eraseb4program" value="true" />
      </PKOBSKDEPlatformTool>
      <PICkit3PlatformTool>
        <property key="poweroptions.powerenable" value="false" />
        <property key="voltagevalue" value="5.0" />
        <property key="programoptions.uselvpprogramming" value="false" />
      </PICkit3PlatformTool>
      <makeCustomizationType>
        <makeCustomizationPutChecksumInUserID>false</makeCustomizationPutChecksumInUserID>
      </makeCustomizationType>
      <C30>
        <property key="enable-all-warnings" value="false" />
        <property key="optimization-level" value="0" />
      </C30>
      <HI-TECH-LINK>
        <property key="data-model-size-of-double-float" value="24 bit" />
      </HI-TECH-LINK>
    </conf>
  </confs>
</configurationDescriptor>